jelovnikid,Naziv
1,SEPT
2,SLSR
3,YGIB
4,ZPJH
5,FCBD
6,LFOV
7,KHOP
8,ENFL
9,AYMH
10,SNDC
11,NGTM
12,SKBQ
13,PGSN
14,DFEZ
15,WBKK
16,
17,NZMB
18,KLWL
19,LFLB
20,SLJE
21,CAH3
22,GQNA
23,ZPBS
24,KSJN
25,SADL
26,HHMS
27,CYCC
28,VQPR
29,SKSV
30,ENZV
31,FEFY
32,SCST
33,CYKA
34,UIBB
35,KFDK
36,SPJJ
37,FMSR
38,EKOD
39,ZWTP
40,YWTL
41,
42,DNZA
43,YLKN
44,LFNB
45,OPDD
46,KSHR
47,DTTZ
48,KCLL
49,KFRI
50,KOGD
51,KMOB
52,VNBP
53,LOWL
54,39N
55,FABE
56,MGQZ
57,SLSA
58,YGYM
59,YTHD
60,WBMU
61,PAGX
62,SJRG
63,UHPP
64,SANC
65,GFKE
66,LPPI
67,RCLG
68,
69,SBIZ
70,KCWF
71,LUBL
72,SCKP
73,VRMH
74,SNRU
75,WBSB
76,EICK
77,EHWO
78,UENW
79,SBSI
80,KHSB
81,LIPX
82,UKKL
83,ENHD
84,SBBH
85,ESUP
86,KFMY
87,MRCR
88,AYOY
89,UNKY
90,PPIT
91,
92,KDUJ
93,PWAK
94,LGIR
95,CEC4
96,SBPF
97,LGTS
98,MYIG
99,MTCA
100,PHSF
101,NWWO
102,WAMH
103,FTTJ
104,PFCB
105,GQNS
106,HUSO
107,ESGR
108,ZSPD
109,EDXJ
110,SBCG
111,AK96
112,AYZA
113,FTTI
114,VVRG
115,DIKO
116,KESN
117,OYHD
118,OISR
119,KHPT
120,ZUUU
121,KGRB
122,SBBI
123,YCMW
124,GOOK
125,OETB
126,RDV
127,ZJQH
128,SVSZ
129,VEDB
130,AYTI
131,SDUB
132,EGHH
133,KSZP
134,FMCV
135,CYSC
136,EGAE
137,KCSG
138,PAKA
139,OAMS
140,MBNC
141,
142,FEFI
143,KBTM
144,HTMT
145,USNR
146,KRNT
147,RJCK
148,ENKR
149,URWW
150,FMNM
151,MGMM
152,KEAU
153,EBOS
154,AYSA
155,BGJH
156,ZUNZ
157,HAHU
158,MZSP
159,CAE9
160,SVAN
161,SNOC
162,HKKG
163,VDSR
164,
165,ETIE
166,SPHO
167,SNRX
168,CYYG
169,KLOR
170,KOGA
171,DIBN
172,PALG
173,VOCP
174,CJX
175,FTTL
176,VVDN
177,KSNS
178,WAPL
179,
180,PHKO
181,ETMN
182,KDNL
183,TQPF
184,EFKA
185,NGFU
186,WAMA
187,OPPG
188,RKJB
189,YSCB
190,KMSN
191,AYKG
192,WBGZ
193,LTCE
194,LTCB
195,YMGT
196,UOII
197,YGSC
198,KRDU
199,
200,PHPA
201,
202,VEJT
203,CYHI
204,SWTY
205,
206,KWHP
207,AYSF
208,VAND
209,EPLB
210,KHAO
211,GVBR
212,EGTE
213,EPRA
214,SLPS
215,
216,DNAS
217,
218,KBFI
219,YWCA
220,PFWS
221,LNMC
222,GBYD
223,AYBP
224,YQLP
225,CYXY
226,KLYH
227,
228,
229,VEKW
230,EFLP
231,YAPH
232,KAGS
233,WASI
234,EBKT
235,SKBU
236,
237,HABE
238,SAWR
239,HALA
240,UHMM
241,YEML
242,VOBM
243,KMSO
244,PACM
245,KUKI
246,GCGM
247,CYHP
248,SYKZ
249,UDYZ
250,KFSW
251,
252,
253,SWJW
254,KLSF
255,FMMK
256,KSAT
257,KXNA
258,YRRB
259,SAMR
260,KBHB
261,KLWV
262,SPNC
263,SNOU
264,KSUN
265,LFQJ
266,OMAL
267,PFTO
268,07FA
269,FOGG
270,LOWI
271,LGKO
272,HTRU
273,MMMA
274,KCFT
275,
276,FYGF
277,LIQN
278,SKAD
279,LICR
280,SNNU
281,KDMN
282,OINE
283,KVNC
284,KRST
285,SKSV
286,ZUGH
287,AYJB
288,SNBO
289,SSSQ
290,AYLI
291,MBSC
292,FMCH
293,SBIP
294,HESN
295,EKRK
296,W05
297,WALJ
298,EKKA
299,KGNG
300,MRCC
301,KISP
302,FZKA
303,HETB
304,KLOM
305,KBJI
306,KKIC
307,FABU
308,DFCJ
309,AYHH
310,YGNV
311,WBGP
312,YSCR
313,PAYA
314,AYYP
315,DAOR
316,VNRP
317,WABB
318,KSAS
319,UTFN
320,AYPY
321,FWLK
322,UKCS
323,EFET
324,KSYN
325,
326,UHBB
327,SDJZ
328,LIME
329,KGJT
330,WAWR
331,CZHP
332,ZYJD
333,ZBHD
334,HTPE
335,FYME
336,UHSM
337,WIPK
338,KTUS
339,
340,
341,DAUL
342,MRLC
343,ZPLC
344,CYBK
345,FNZE
346,
347,RJNK
348,CYHO
349,5T9
350,MYCB
351,FBJW
352,KHGR
353,AYZA
354,CYHE
355,KABQ
356,CYFJ
357,OITU
358,EFKA
359,SSKU
360,KROX
361,WICM
362,SCCH
363,ENCN
364,HUGU
365,VNPK
366,KBBD
367,EGXH
368,ZGNN
369,OACC
370,ZSFZ
371,RJSI
372,SBSR
373,UEMT
374,SESM
375,SBCG
376,MMUN
377,SPZA
378,KTOL
379,NTGV
380,KMHV
381,HSKA
382,NGNU
383,KMRF
384,AYTB
385,OIAD
386,AYNS
387,YMRW
388,DNAI
389,WAKT
390,SMPA
391,KAOH
392,WV66
393,
394,LESO
395,SAVE
396,PHLU
397,HTDO
398,
399,SDUN
400,EDGY
401,BITN
402,SKNQ
403,UIAA
404,AYHK
405,PAHY
406,KDKK
407,LTCL
408,AYLT
409,FVTL
410,FNMO
411,
412,SYLP
413,RJBD
414,KVAY
415,EDDP
416,FAHL
417,HABD
418,FMMR
419,YNSM
420,FALW
421,UKCS
422,SCDA
423,MMCT
424,CYQV
425,DIOD
426,KLHV
427,SBPL
428,
429,USDP
430,KLAW
431,ZBTS
432,SMMO
433,GQNT
434,OOTH
435,FWDW
436,0TE7
437,AYSE
438,M13
439,FCBL
440,SPYL
441,
442,SNDT
443,CYTQ
444,PHUP
445,LFRD
446,KGRR
447,NWWL
448,CYVT
449,2W6
450,Z71
451,ENDI
452,KLKP
453,SAZH
454,
455,KHRI
456,KGPI
457,AYLM
458,CYRA
459,OIFK
460,BITN
461,KPOB
462,CYFR
463,KCZK
464,CYAG
465,KPTB
466,KPHL
467,HKLY
468,LFOH
469,VVDN
470,ZLGY
471,OIAW
472,EFIV
473,ZSWY
474,PATG
475,VRMH
476,RPUO
477,KHTL
478,
479,MUGT
480,
481,CYFH
482,ZYHB
483,PASH
484,FQMP
485,OMSJ
486,AYEW
487,OPNK
488,MYEN
489,KPGR
490,SSER
491,SBVG
492,KHZY
493,KJAC
494,PAKV
495,PLCH
496,MHPL
497,KBGD
498,KEVV
499,RJOC
500,ETUO
